id,CategoryID,Name,IsActive,JsonLink
1,1,Ноутбуки,1,https://catalog.onliner.by/sdapi/catalog.api/search/notebook?page=1
2,1,Планшеты,1,https://catalog.onliner.by/sdapi/catalog.api/search/tabletpc?page=1
3,1,Моноблоки,1,https://catalog.onliner.by/sdapi/catalog.api/search/monoblock?page=1
4,1,Компьютеры,1,https://catalog.onliner.by/sdapi/catalog.api/search/desktoppc?page=1
5,1,Мониторы,1,https://catalog.onliner.by/sdapi/catalog.api/search/display?page=1
6,1,Видеокарты,1,https://catalog.onliner.by/sdapi/catalog.api/search/videocard?page=1
7,1,Процессоры,1,https://catalog.onliner.by/sdapi/catalog.api/search/cpu?page=1
8,1,Материнские платы,1,https://catalog.onliner.by/sdapi/catalog.api/search/motherboard?page=1
9,1,Оперативная память,1,https://catalog.onliner.by/sdapi/catalog.api/search/dram?page=1
10,1,Системы охлаждения,1,https://catalog.onliner.by/sdapi/catalog.api/search/fan?page=1
11,1,SSD,1,https://catalog.onliner.by/sdapi/catalog.api/search/ssd?page=1
12,1,Жесткие диски,1,https://catalog.onliner.by/sdapi/catalog.api/search/hdd?page=1
13,1,Корпуса,1,https://catalog.onliner.by/sdapi/catalog.api/search/chassis?page=1
14,1,Блоки питания,1,https://catalog.onliner.by/sdapi/catalog.api/search/powersupply?page=1
15,1,Звуковые карты,1,https://catalog.onliner.by/sdapi/catalog.api/search/soundcard?page=1
16,1,Сетевые адаптеры,1,https://catalog.onliner.by/sdapi/catalog.api/search/networkadapter?page=1
17,1,Принтеры и МФУ,1,https://catalog.onliner.by/sdapi/catalog.api/search/printers?page=1
18,1,Сканеры,1,https://catalog.onliner.by/sdapi/catalog.api/search/scanner?page=1
19,1,Аксессуары для оргтехники,1,https://catalog.onliner.by/sdapi/catalog.api/search/officeequip_acs?page=1
20,1,Графические планшеты,1,https://catalog.onliner.by/sdapi/catalog.api/search/tablets?page=1
21,1,Стилусы и сменные наконечники,1,https://catalog.onliner.by/sdapi/catalog.api/search/stylus_pens?page=1
22,1,Картриджи для принтеров и МФУ,1,https://catalog.onliner.by/sdapi/catalog.api/search/cartridges?page=1
23,1,Мыши,1,https://catalog.onliner.by/sdapi/catalog.api/search/mouse?page=1
24,1,Клавиатуры,1,https://catalog.onliner.by/sdapi/catalog.api/search/keyboards?page=1
25,1,Наборы периферии,1,https://catalog.onliner.by/sdapi/catalog.api/search/peripheralkits?page=1
26,1,Игровые контроллеры и аксессуары,1,https://catalog.onliner.by/sdapi/catalog.api/search/controllers?page=1
27,1,Коврики для мыши,1,https://catalog.onliner.by/sdapi/catalog.api/search/mousepad?page=1
28,1,Внешние накопители,1,https://catalog.onliner.by/sdapi/catalog.api/search/externalhdd?page=1
29,1,USB Flash,1,https://catalog.onliner.by/sdapi/catalog.api/search/usbflash?page=1
30,1,Карты памяти,1,https://catalog.onliner.by/sdapi/catalog.api/search/memcards?page=1
31,1,Боксы для накопителей,1,https://catalog.onliner.by/sdapi/catalog.api/search/hddbox?page=1
32,1,Сетевые накопители (NAS),1,https://catalog.onliner.by/sdapi/catalog.api/search/nas?page=1
33,1,Оптические приводы,1,https://catalog.onliner.by/sdapi/catalog.api/search/optical?page=1
34,1,Карт-ридеры,1,https://catalog.onliner.by/sdapi/catalog.api/search/cardreaders?page=1
35,1,Роботы-пылесосы,1,https://catalog.onliner.by/sdapi/catalog.api/search/robotcleaner?page=1
36,1,Мобильные телефоны,1,https://catalog.onliner.by/sdapi/catalog.api/search/mobile?page=1
37,1,Умные часы,1,https://catalog.onliner.by/sdapi/catalog.api/search/smartwatch?page=1
38,1,Беспроводные и портативные колонки,1,https://catalog.onliner.by/sdapi/catalog.api/search/wspeaker?page=1
39,1,Портативные зарядные устройства,1,https://catalog.onliner.by/sdapi/catalog.api/search/portablecharger?page=1
40,1,Игровые приставки,1,https://catalog.onliner.by/sdapi/catalog.api/search/console?page=1
41,1,Мультимедиа акустика,1,https://catalog.onliner.by/sdapi/catalog.api/search/sound?page=1
45,7,Тест,1,
46,1,3D-принтеры,1,https://catalog.onliner.by/3dprinter
47,1,3D-ручки,1,https://catalog.onliner.by/3d_pen
48,1,Bluetooth-гарнитуры,1,https://catalog.onliner.by/bt
49,1,Blu-ray проигрыватели,1,https://catalog.onliner.by/bluray_player
50,1,CD-проигрыватели,1,https://catalog.onliner.by/cd_player
51,1,DSL-модемы и маршрутизаторы,1,https://catalog.onliner.by/dslmodem
52,1,DVD плееры,1,https://catalog.onliner.by/dvd
53,1,FM-модуляторы,1,https://catalog.onliner.by/fmmodulators
54,1,GPS-навигаторы,1,https://catalog.onliner.by/gps
55,1,GPS-трекеры,1,https://catalog.onliner.by/gps_tracker
56,1,Hi-Fi акустика,1,https://catalog.onliner.by/hifisound
57,1,IP-камеры,1,https://catalog.onliner.by/ipcamera
58,1,USB-хабы и док-станции,1,https://catalog.onliner.by/usbhub
59,1,Wi-Fi и мультирум акустика,1,https://catalog.onliner.by/wireless_hifi
60,1,Автокресла,1,https://catalog.onliner.by/childcarseat
61,1,Автомобильные антенны,1,https://catalog.onliner.by/antenforradio
62,1,Автомобильные видеоплееры и DVD,1,https://catalog.onliner.by/portabletvdvd
63,1,Автомобильные держатели,1,https://catalog.onliner.by/carholder
64,1,Автомобильные диски,1,https://catalog.onliner.by/wheel
65,1,Автомобильные инверторы,1,https://catalog.onliner.by/car_inverter
66,1,Автомобильные компрессоры,1,https://catalog.onliner.by/compressor_auto
67,1,"Автомобильные краски, лаки, эмали, грунтовки",1,https://catalog.onliner.by/carpaints
68,1,Автомобильные пылесосы,1,https://catalog.onliner.by/car_vacuum_clean
69,1,Автомобильные шины,1,https://catalog.onliner.by/tires
70,1,Автомобильные шпатлевки и отвердители,1,https://catalog.onliner.by/autofiller
71,1,Автосигнализации,1,https://catalog.onliner.by/caralarm
72,1,Автохимия и автокосметика для кузова,1,https://catalog.onliner.by/exterior_carcare
73,1,Автохимия и автокосметика для салона,1,https://catalog.onliner.by/interior_carcare
74,1,"Автохолодильники, термобоксы, термосумки",1,https://catalog.onliner.by/arrefrigerator
75,1,Аккумуляторы для телефонов,1,https://catalog.onliner.by/phoneaccum
76,1,Аккумуляторы и ЗУ для фото/видеотехники,1,https://catalog.onliner.by/batteries
77,1,Автомобильные аккумуляторы,1,https://catalog.onliner.by/carbattery
78,1,Аккумуляторы для ИБП,1,https://catalog.onliner.by/ups_battery
79,1,Аккумуляторы и зарядные устройства для инструмента,1,https://catalog.onliner.by/tools_accum
80,1,Аксессуары для бара,1,https://catalog.onliner.by/bar_accessories
81,1,Аксессуары для велосипеда,1,https://catalog.onliner.by/bike_accessories
82,1,Аксессуары для косметики,1,https://catalog.onliner.by/cosmetics_access
83,1,Аксессуары для крупной бытовой и встраиваемой техники,1,https://catalog.onliner.by/largehomeapp_acs
84,1,Аксессуары для кухонной техники,1,https://catalog.onliner.by/kitchen_acs
85,1,Аксессуары для мойки и ухода за автомобилем,1,https://catalog.onliner.by/carwashandcare
86,1,"Аксессуары для пылесосов, пароочистителей",1,https://catalog.onliner.by/vacuum_acs
87,1,Аксессуары для ТВ,1,https://catalog.onliner.by/tvaccessory
88,1,Аксессуары и крепления для экшен-камер,1,https://catalog.onliner.by/actioncamera_acs
89,1,Аксессуары к товарам для красоты и здоровья,1,https://catalog.onliner.by/beauty_acs
90,1,Акустика,1,https://catalog.onliner.by/carspeakers
91,1,Алкотестеры,1,https://catalog.onliner.by/breathalyzer
92,1,Аминокислоты,1,https://catalog.onliner.by/amino_acids
93,1,Антенны беспроводной связи,1,https://catalog.onliner.by/wantenna
94,1,"Антибиотики, противомикробные препараты",1,https://catalog.onliner.by/antibiotics
95,1,Антивирусы и безопасность,1,https://catalog.onliner.by/antivirus
96,1,Антигистаминные (противоаллергические) препараты,1,https://catalog.onliner.by/allergy_med
97,1,Антисептики для кожи,1,https://catalog.onliner.by/sanitizer
98,1,Аппараты для сварки труб,1,https://catalog.onliner.by/pipe_welding
99,1,Арматура,1,https://catalog.onliner.by/armatura
100,1,Аудиоинтерфейсы,1,https://catalog.onliner.by/audiointerface
101,1,Аэрогрили,1,https://catalog.onliner.by/aerogrill
102,1,"Аэрохоккей, настольный футбол, мини-бильярд",1,https://catalog.onliner.by/airhockey
103,1,Багажники на крышу,1,https://catalog.onliner.by/car_racks
104,1,"Бани, купели",1,https://catalog.onliner.by/bath
105,1,Банкетки,1,https://catalog.onliner.by/banquettes
106,1,Банные печи,1,https://catalog.onliner.by/bathstove
107,1,Бассейны,1,https://catalog.onliner.by/pool
108,1,"Батарейки, аккумуляторы, зарядные",1,https://catalog.onliner.by/battery
109,1,Батуты,1,https://catalog.onliner.by/trampoline
110,1,Беговелы,1,https://catalog.onliner.by/balancebike
111,1,Беговые дорожки,1,https://catalog.onliner.by/treadmills
112,1,Беседки,1,https://catalog.onliner.by/garden_house
113,1,Бескаркасная мебель,1,https://catalog.onliner.by/beanbag
114,1,Беспроводные маршрутизаторы,1,https://catalog.onliner.by/wrouter
115,1,Бетономешалки,1,https://catalog.onliner.by/concrete
116,1,Биде,1,https://catalog.onliner.by/bidet
117,1,Бильярдные столы,1,https://catalog.onliner.by/billiardtable
118,1,"Бинокли, подзорные трубы и приборы ночного видения",1,https://catalog.onliner.by/optic
119,1,Биотуалеты,1,https://catalog.onliner.by/biotoilet
120,1,Блендеры,1,https://catalog.onliner.by/blender
121,1,Блинницы,1,https://catalog.onliner.by/crepemaker
122,1,Бритвенные станки и лезвия,1,https://catalog.onliner.by/razorsandblades
123,1,Брошюровщики,1,https://catalog.onliner.by/bindingmachines
124,1,Бумага и материалы для печати,1,https://catalog.onliner.by/photopaper
125,1,Бумбоксы и магнитолы,1,https://catalog.onliner.by/portaudio
126,1,Бутылки для воды,1,https://catalog.onliner.by/water_bottles
127,1,Вакуумные упаковщики,1,https://catalog.onliner.by/vacuummachine
128,1,Ванночки и аксессуары для купания малышей,1,https://catalog.onliner.by/baby_bath
129,1,Ванны,1,https://catalog.onliner.by/bathtub
130,1,Варочные панели,1,https://catalog.onliner.by/hob_cooker
131,1,Вафельницы,1,https://catalog.onliner.by/waffle
132,1,Веб-камеры,1,https://catalog.onliner.by/webcams
133,1,Велобагажники,1,https://catalog.onliner.by/bicyclerack
134,1,Велозамки,1,https://catalog.onliner.by/bikelock
135,1,Велозапчасти,1,https://catalog.onliner.by/bike_parts
136,1,Велокомпьютеры,1,https://catalog.onliner.by/bikecomp
137,1,Велокресла,1,https://catalog.onliner.by/bikeseat
138,1,"Велопокрышки, велокамеры",1,https://catalog.onliner.by/bicycle_tires
139,1,Велоприцепы и буксиры,1,https://catalog.onliner.by/bike_trailer
140,1,"Велосипедные насосы, манометры, шланги",1,https://catalog.onliner.by/bike_pump
141,1,Велосипедные фонари,1,https://catalog.onliner.by/bike_light
142,1,Велосипеды,1,https://catalog.onliner.by/bike
143,1,Велотренажеры,1,https://catalog.onliner.by/velosimulator
144,1,Вентиляторы,1,https://catalog.onliner.by/blower
145,1,Вентиляционные решетки,1,https://catalog.onliner.by/ventil_grates
146,1,Весы для новорожденных,1,https://catalog.onliner.by/babyscales
147,1,Вибраторы,1,https://catalog.onliner.by/vibrators
148,1,Виброплиты,1,https://catalog.onliner.by/platecompactor
149,1,Видеодомофоны,1,https://catalog.onliner.by/videodoorphone
150,1,Видеокамеры,1,https://catalog.onliner.by/video
151,1,Видеорегистраторы,1,https://catalog.onliner.by/videoregistrator
152,1,Виниловые полы,1,https://catalog.onliner.by/vinyl_floor
153,1,Виниловые проигрыватели,1,https://catalog.onliner.by/turntable
154,1,Винные шкафы,1,https://catalog.onliner.by/wine_cabinets
155,1,"Витамины, минералы",1,https://catalog.onliner.by/vitamins
156,1,Водонагреватели,1,https://catalog.onliner.by/waterheater
157,1,Воздуходувки,1,https://catalog.onliner.by/leafblower
158,1,Вспениватели молока,1,https://catalog.onliner.by/milkfrother
159,1,Вспышки и лампы,1,https://catalog.onliner.by/flashes
160,1,Вытяжки,1,https://catalog.onliner.by/hoods
161,1,Газонокосилки,1,https://catalog.onliner.by/mowers
162,1,Гамаки,1,https://catalog.onliner.by/hammock
163,1,"Гантели, штанги, гири",1,https://catalog.onliner.by/freeweights
164,1,Генераторы,1,https://catalog.onliner.by/powerstations
165,1,Гидроаккумуляторы и расширительные баки,1,https://catalog.onliner.by/hydroaccum
166,1,Гидромассажные ванночки,1,https://catalog.onliner.by/footbath
167,1,Гипсокартон,1,https://catalog.onliner.by/drywall
168,1,Гироциклы,1,https://catalog.onliner.by/segway
169,1,Гитарные комбоусилители,1,https://catalog.onliner.by/guitarcombo
170,1,Гитары,1,https://catalog.onliner.by/guitar
171,1,Гладильные доски,1,https://catalog.onliner.by/ironingboard
172,1,Глюкометры,1,https://catalog.onliner.by/glucosemeter
173,1,Граверы,1,https://catalog.onliner.by/engraver
174,1,Гребные тренажеры,1,https://catalog.onliner.by/rowingmachines
175,1,Громкая связь,1,https://catalog.onliner.by/carkit
176,1,Грунтовка,1,https://catalog.onliner.by/primer
177,1,Грунты для растений,1,https://catalog.onliner.by/soilforplants
178,1,"Груши, мешки, манекены для бокса и единоборств",1,https://catalog.onliner.by/punching_bags
179,1,Дачные бытовки и хозблоки,1,https://catalog.onliner.by/garden_cabin
180,1,Дачные туалеты,1,https://catalog.onliner.by/outdoor_toilet
181,1,Двигатели,1,https://catalog.onliner.by/engine
182,1,Дезинфицирующие средства,1,https://catalog.onliner.by/disinfectant
183,1,Декоративная косметика для глаз,1,https://catalog.onliner.by/eye_makeup
184,1,Декоративная косметика для губ,1,https://catalog.onliner.by/lip_makeup
185,1,Декоративная косметика для лица,1,https://catalog.onliner.by/face_makeup
186,1,Декоративный камень и кирпич,1,https://catalog.onliner.by/decorative_stone
187,1,Деревообрабатывающие станки,1,https://catalog.onliner.by/woodworking
188,1,Детекторы валют,1,https://catalog.onliner.by/currencydetector
189,1,"Детские автотреки, трассы",1,https://catalog.onliner.by/race_track
190,1,Детские велосипеды,1,https://catalog.onliner.by/kidsbike
191,1,Детские железные дороги,1,https://catalog.onliner.by/kidsrailroad
192,1,Детские комоды,1,https://catalog.onliner.by/babydresser
193,1,Детские кроватки,1,https://catalog.onliner.by/babycotbed
194,1,Детские куклы,1,https://catalog.onliner.by/doll
195,1,"Детские парты, столы, стулья",1,https://catalog.onliner.by/kidsdesk
196,1,Детские шезлонги и качалки,1,https://catalog.onliner.by/babyswing
197,1,Диагностические тепловизоры и пирометры,1,https://catalog.onliner.by/thermal_imaging
198,1,Диваны,1,https://catalog.onliner.by/divan
199,1,Диктофоны,1,https://catalog.onliner.by/voicerecorder
200,1,Динамометрические ключи и отвертки,1,https://catalog.onliner.by/torque_wrenches
201,1,"Дозаторы, диспенсеры",1,https://catalog.onliner.by/dispenser
202,1,Док-станции для смартфонов,1,https://catalog.onliner.by/speakerdock
203,1,Домкраты,1,https://catalog.onliner.by/carjack
204,1,Дровоколы,1,https://catalog.onliner.by/logsplitter
205,1,"Дровяные камины, печи-камины, порталы",1,https://catalog.onliner.by/stove
206,1,Духовые шкафы,0,https://catalog.onliner.by/oven_cooker
207,1,Душевые кабины,1,https://catalog.onliner.by/showerbox
208,1,Душевые панели и гарнитуры,1,https://catalog.onliner.by/shower
209,1,Душевые поддоны,1,https://catalog.onliner.by/shower_trays
210,1,Елки,1,https://catalog.onliner.by/tree
211,1,"Елочные игрушки, украшения",1,https://catalog.onliner.by/christmasdecor
212,1,Женские электробритвы и эпиляторы,1,https://catalog.onliner.by/ladyshaver
213,1,"Заварочные чайники, кофеварки, френч-прессы",1,https://catalog.onliner.by/teapot
214,1,Зажигалки,1,https://catalog.onliner.by/cigarettelighter
215,1,Заточные станки (точила),1,https://catalog.onliner.by/benchgrinder
216,1,Звуко- и виброизоляция помещений,1,https://catalog.onliner.by/soundproofing
217,1,Звукосниматели и тонармы,1,https://catalog.onliner.by/turntableaccess
218,1,Зонты,1,https://catalog.onliner.by/umbrella
219,1,"Зонты садовые, пляжные",1,https://catalog.onliner.by/street_umbrella
220,1,Зубные щетки и ирригаторы,1,https://catalog.onliner.by/toothbrush
221,1,Игровые домики и палатки,1,https://catalog.onliner.by/playhouse
222,1,Игрушечный транспорт,1,https://catalog.onliner.by/toy_cars
223,1,Игры для ПК,1,https://catalog.onliner.by/pcgames
224,1,Игры для приставок,1,https://catalog.onliner.by/games
225,1,"Игры-опыты, эксперименты",1,https://catalog.onliner.by/science_kits
226,1,Измельчители (чопперы),1,https://catalog.onliner.by/chopper
227,1,Измельчители пищевых отходов,1,https://catalog.onliner.by/disposer
228,1,Ингаляторы,1,https://catalog.onliner.by/inhaler
229,1,"Инсталляции для унитазов, раковин, биде и писсуаров",1,https://catalog.onliner.by/installations
230,1,Инструменты для ремонта и обслуживания велосипеда,1,https://catalog.onliner.by/bike_tools
231,1,Интерактивные игрушки и роботы,1,https://catalog.onliner.by/interactive_toys
232,1,Интерьерные часы,1,https://catalog.onliner.by/interior_clock
233,1,Информационные панели,1,https://catalog.onliner.by/digitalsignage
234,1,Источники бесперебойного питания,1,https://catalog.onliner.by/ups
235,1,Йогуртницы и мороженицы,1,https://catalog.onliner.by/yogurtmaker
236,1,Казаны,1,https://catalog.onliner.by/kazan
237,1,Камеры CCTV,1,https://catalog.onliner.by/cctvcamera
238,1,Карты оплаты и подписки,1,https://catalog.onliner.by/paymentcard
239,1,Кассовые аппараты,1,https://catalog.onliner.by/cashregister
240,1,Кастрюли,1,https://catalog.onliner.by/saucepan
241,1,"Каталки, педальные машинки",1,https://catalog.onliner.by/rideon
242,1,"Кашпо, горшки для растений",1,https://catalog.onliner.by/flowerpot
243,1,Квадроциклы,1,https://catalog.onliner.by/quad
244,1,Кемпинговая мебель,1,https://catalog.onliner.by/camp_furniture
245,1,Кирпич,1,https://catalog.onliner.by/bricks
246,1,Клавиши и системы смыва,1,https://catalog.onliner.by/flushing_system
247,1,Клеевые смеси,1,https://catalog.onliner.by/adhesivemix
248,1,Клеи и герметики для автомобилей,1,https://catalog.onliner.by/adhesivecar
249,1,Клетки и аксессуары для птиц и грызунов,1,https://catalog.onliner.by/pet_cage
250,1,Коврики для йоги и фитнеса,1,https://catalog.onliner.by/yoga_mat
251,1,Коляски,1,https://catalog.onliner.by/pram
252,1,Коммутаторы,1,https://catalog.onliner.by/switch
253,1,"Комнатные растения, флорариумы",1,https://catalog.onliner.by/houseplant
254,1,Компрессоры,1,https://catalog.onliner.by/compressor
255,1,Кондиционеры,1,https://catalog.onliner.by/conditioners
256,1,Конструкторы,1,https://catalog.onliner.by/buildingkit
257,1,Контактные линзы,1,https://catalog.onliner.by/contact_lense
258,1,Концертная акустика,1,https://catalog.onliner.by/concertacoustics
259,1,Коньки,1,https://catalog.onliner.by/skates
260,1,Корма для кошек,1,https://catalog.onliner.by/catfood
261,1,Корма для собак,1,https://catalog.onliner.by/foodfordog
262,1,Косметические зеркала,1,https://catalog.onliner.by/cosmetic_mirror
263,1,Кофе,1,https://catalog.onliner.by/coffeejava
264,1,Кофемашины и кофеварки,1,https://catalog.onliner.by/coffee
265,1,Кофемолки,1,https://catalog.onliner.by/coffeegrinders
266,1,Кошельки,1,https://catalog.onliner.by/wallet
267,1,Краски и эмали,1,https://catalog.onliner.by/paints
268,1,Креатин,1,https://catalog.onliner.by/creatine
269,1,Кресла,1,https://catalog.onliner.by/interior_chair
270,1,Кровати,0,https://catalog.onliner.by/bed
271,1,Кровельные материалы,1,https://catalog.onliner.by/roof
272,1,Кронштейны,1,https://catalog.onliner.by/wallmount
273,1,"Кружки, чашки, стаканы для горячих напитков",1,https://catalog.onliner.by/hot_drinks
274,1,Ксенон,1,https://catalog.onliner.by/xenon
275,1,Кукольные домики,1,https://catalog.onliner.by/dollhouses
276,1,Кулеры для воды,1,https://catalog.onliner.by/water_cooler
277,1,Кусторезы и высоторезы,1,https://catalog.onliner.by/hedgetrimmers
278,1,Кухонные весы,1,https://catalog.onliner.by/kitchenscales
279,1,Кухонные инструменты,1,https://catalog.onliner.by/kitchen_tools
280,1,"Кухонные комбайны, машины и планетарные миксеры",1,https://catalog.onliner.by/foodprocessors
281,1,Кухонные мойки,1,https://catalog.onliner.by/kitchensink
282,1,"Кухонные ножи, ножницы, овощечистки, точилки",1,https://catalog.onliner.by/kitchen_knife
283,1,Кухонные плиты,1,https://catalog.onliner.by/cooker
284,1,Кухонные столы и обеденные группы,1,https://catalog.onliner.by/kitchen_table
285,1,Лазерные дальномеры,1,https://catalog.onliner.by/laserdistmeter
286,1,Лазерные нивелиры,1,https://catalog.onliner.by/laserlevel
287,1,"Лаки, пропитки, антисептики",1,https://catalog.onliner.by/lacquer
288,1,Ламинат,1,https://catalog.onliner.by/laminate
289,1,Ламинаторы,1,https://catalog.onliner.by/laminator
290,1,Лампочки,1,https://catalog.onliner.by/lightbulb
291,1,Лампы,1,https://catalog.onliner.by/autolamps
292,1,Ледобуры,1,https://catalog.onliner.by/icescrew
293,1,"Лежанки, домики, когтеточки для кошек и собак",1,https://catalog.onliner.by/pet_house
294,1,Лекарственные травы и сборы,1,https://catalog.onliner.by/medicinal_plants
295,1,Лестницы и стремянки,1,https://catalog.onliner.by/stairandladder
296,1,Летние души,1,https://catalog.onliner.by/summer_shower
297,1,Линолеум,1,https://catalog.onliner.by/linoleum
298,1,Листовой металлопрокат,1,https://catalog.onliner.by/sheetmetal
299,1,Лобзики,1,https://catalog.onliner.by/fretsaw
300,1,"Логические игры, головоломки",1,https://catalog.onliner.by/logic_puzzles
301,1,Лодочные моторы,1,https://catalog.onliner.by/outboardmotors
302,1,Ломтерезки,1,https://catalog.onliner.by/slicer
303,1,Лыжи,1,https://catalog.onliner.by/skis
304,1,Люстры и светильники,1,https://catalog.onliner.by/luster
305,1,Магнитолы,1,https://catalog.onliner.by/caraudio
306,1,"Мангалы, грили, барбекю",1,https://catalog.onliner.by/grill
307,1,Манежи,1,https://catalog.onliner.by/playpen
308,1,Маникюрные и педикюрные наборы,1,https://catalog.onliner.by/manicure
309,1,Маринаторы,1,https://catalog.onliner.by/marinator
310,1,"Мармиты, фондю",1,https://catalog.onliner.by/fondue
311,1,Масла для лодочных моторов,1,https://catalog.onliner.by/twostrokeoil
312,1,Массажеры и массажные кресла,1,https://catalog.onliner.by/massagechair
313,1,Матрасы,1,https://catalog.onliner.by/mattress
314,1,Матричные принтеры,1,https://catalog.onliner.by/matrixprinter
315,1,Машинки для стрижки волос,1,https://catalog.onliner.by/hairclipper
316,1,Машинки для удаления катышков,1,https://catalog.onliner.by/lintshaver
317,1,Мебель для ванных комнат,1,https://catalog.onliner.by/bath_furniture
318,1,Медиаплееры и ТВ-приставки,1,https://catalog.onliner.by/media
319,1,"Медицинские маски, респираторы, защитные очки",1,https://catalog.onliner.by/medicalmask
320,1,Межкомнатные двери,1,https://catalog.onliner.by/interiordoor
321,1,Металлические двери,1,https://catalog.onliner.by/steeldoor
322,1,Металлообрабатывающие станки,1,https://catalog.onliner.by/metalworking
323,1,Метеостанции,1,https://catalog.onliner.by/meteostations
324,1,Микроволновые печи,1,https://catalog.onliner.by/microvawe
325,1,Микрофоны,1,https://catalog.onliner.by/microphones
326,1,Мини-печи,1,https://catalog.onliner.by/roaster
327,1,Мини-тракторы,1,https://catalog.onliner.by/minitractor
328,1,"Миски, дуршлаги, сита",1,https://catalog.onliner.by/bowls
329,1,"Миски, поилки, кормушки для животных",1,https://catalog.onliner.by/animal_plate
330,1,Мойки высокого давления,1,https://catalog.onliner.by/washers
331,1,Молокоотсосы и аксессуары,1,https://catalog.onliner.by/breast_pump
332,1,Мотоблоки и мотокультиваторы,1,https://catalog.onliner.by/motoblock
333,1,Мотопомпы,1,https://catalog.onliner.by/motopump
334,1,Моторные масла,1,https://catalog.onliner.by/motor_oil
335,1,Мотоциклетные аккумуляторы,1,https://catalog.onliner.by/motobatteries
336,1,Мотоциклетные шины,1,https://catalog.onliner.by/moto_tires
337,1,Мотоциклы,1,https://catalog.onliner.by/motorcycle
338,1,Мотошлемы,1,https://catalog.onliner.by/motohelmet
339,1,Мужские электробритвы,1,https://catalog.onliner.by/shaver
340,1,Мультиварки,1,https://catalog.onliner.by/multicooker
341,1,"Мультиметры, токовые клещи, индикаторные отвертки",1,https://catalog.onliner.by/multimeter
342,1,"Мусорки, урны, контейнеры для мусора",1,https://catalog.onliner.by/trashbin
343,1,Мягкие игрушки,1,https://catalog.onliner.by/stuffedtoys
344,1,Мясорубки,1,https://catalog.onliner.by/meatgrinder
345,1,Мячи,1,https://catalog.onliner.by/ball
346,1,Наборы инструментов,1,https://catalog.onliner.by/tool_kits
347,1,Навесное оборудование для садовой техники,1,https://catalog.onliner.by/attachmentgarden
348,1,Надувная мебель,1,https://catalog.onliner.by/airbed
349,1,Надувные лодки,1,https://catalog.onliner.by/inflatableboat
350,1,Наматрасники,1,https://catalog.onliner.by/mattresspad
351,1,Напольные весы,1,https://catalog.onliner.by/scales
352,1,Наручные часы,1,https://catalog.onliner.by/watch
353,1,Насосы,1,https://catalog.onliner.by/pump
354,1,Настольные игры,1,https://catalog.onliner.by/boardgame
355,1,Настольные плиты,1,https://catalog.onliner.by/tabletop_cooker
356,1,Наушники,1,https://catalog.onliner.by/headphones
357,1,"Нитратомеры, дозиметры, экотестеры",1,https://catalog.onliner.by/nitrate
358,1,Обезболивающие препараты,1,https://catalog.onliner.by/painkillers
359,1,Обложки для электронных книг,1,https://catalog.onliner.by/ebookcover
360,1,Обогреватели,1,https://catalog.onliner.by/heater
361,1,Общестроительные материалы,1,https://catalog.onliner.by/buildingmaterial
362,1,Объективы,1,https://catalog.onliner.by/lens
363,1,Оверлоки,1,https://catalog.onliner.by/overlock
364,1,Огнетушители,1,https://catalog.onliner.by/extinguisher
365,1,"Одежда для охоты, рыбалки",1,https://catalog.onliner.by/hunter_clothes
366,1,Окна ПВХ,1,https://catalog.onliner.by/vynilwindows
367,1,Опрыскиватели,1,https://catalog.onliner.by/sprayer
368,1,Органайзеры и системы хранения инструментов,1,https://catalog.onliner.by/toolbox
369,1,Ортопедические подушки,1,https://catalog.onliner.by/pillow
370,1,Основания для кроватей,1,https://catalog.onliner.by/orthobase
371,1,Осушители воздуха,1,https://catalog.onliner.by/dehumidifier
372,1,Отбойные молотки,1,https://catalog.onliner.by/jackhammer
373,1,Отопительные котлы,1,https://catalog.onliner.by/boiler
374,1,"Офисные доски, флипчарты",1,https://catalog.onliner.by/officeboard
375,1,"Офисные кресла, стулья",1,https://catalog.onliner.by/office_chair
376,1,Охлаждающие жидкости,1,https://catalog.onliner.by/antifreeze
377,1,Охлаждающие подставки,1,https://catalog.onliner.by/laptopstand
378,1,Очистители и мойки воздуха,1,https://catalog.onliner.by/airpurifier
379,1,Очки виртуальной реальности,1,https://catalog.onliner.by/virtualreality
380,1,Палатки,1,https://catalog.onliner.by/tents
381,1,Палки для селфи,1,https://catalog.onliner.by/selfiestick
440,1,Радионяни и видеоняни,1,https://catalog.onliner.by/babymonitor
382,1,Палки для скандинавской ходьбы,1,https://catalog.onliner.by/nordic_walking
383,1,Паркетная доска,1,https://catalog.onliner.by/parquetboard
384,1,Парковочные радары и камеры заднего вида,1,https://catalog.onliner.by/parkingradar
385,1,Пароварки,1,https://catalog.onliner.by/steamers
386,1,"Пароварки, мантоварки",1,https://catalog.onliner.by/steamer
387,1,Парфюмерия,1,https://catalog.onliner.by/parfume
388,1,Паяльники и паяльные лампы,1,https://catalog.onliner.by/solderingiron
389,1,Перфораторы,1,https://catalog.onliner.by/rotaryhammers
390,1,Перчатки для бокса и единоборств,1,https://catalog.onliner.by/glovesmartialart
391,1,Письменные и компьютерные столы,1,https://catalog.onliner.by/table
392,1,"Пледы, покрывала",1,https://catalog.onliner.by/plaid
393,1,Плиткорезы,1,https://catalog.onliner.by/tilecutter
394,1,"Плойки, стайлеры, щипцы",1,https://catalog.onliner.by/styler
395,1,Пневматические гайковерты,1,https://catalog.onliner.by/wrench
396,1,Пневматические краскопульты,1,https://catalog.onliner.by/spraygun
397,1,Пневмошлифмашины,1,https://catalog.onliner.by/pneumogrinder
398,1,Подгузники,1,https://catalog.onliner.by/diapers
399,1,Подогреватели и стерилизаторы бутылочек,1,https://catalog.onliner.by/bottlesterilizer
400,1,Подъемники,1,https://catalog.onliner.by/carlift
401,1,Поливочные шланги,1,https://catalog.onliner.by/garden_hose
402,1,Поликарбонат для теплиц,1,https://catalog.onliner.by/polycarbonate
403,1,Полотенцесушители,1,https://catalog.onliner.by/towelrail
404,1,Портативные радиостанции,1,https://catalog.onliner.by/portableradio
405,1,Постельное белье,1,https://catalog.onliner.by/bedlinen
406,1,Посуда для хранения продуктов,1,https://catalog.onliner.by/food_storage
407,1,Посудомоечные машины,1,https://catalog.onliner.by/dishwasher
408,1,Предметы сервировки,1,https://catalog.onliner.by/serving
409,1,Предпусковые подогреватели двигателя и топливной системы,1,https://catalog.onliner.by/dieselfuelheater
410,1,Препараты для коррекции и лечения астмы,1,https://catalog.onliner.by/asthma_med
411,1,Препараты для лечения заболеваний глаз и ушей,1,https://catalog.onliner.by/eyes_ears_med
412,1,Препараты для лечения заболеваний ЖКТ,1,https://catalog.onliner.by/gitract_med
413,1,Препараты для лечения заболеваний зубов и полости рта,1,https://catalog.onliner.by/teeth_med
414,1,Препараты для лечения заболеваний кожи,1,https://catalog.onliner.by/skin_med
415,1,Препараты для лечения заболеваний мочеполового тракта,1,https://catalog.onliner.by/urogenital_med
416,1,Препараты для лечения заболеваний нервной системы,1,https://catalog.onliner.by/nervous_system
417,1,Препараты для лечения заболеваний сердечно-сосудистой системы,1,https://catalog.onliner.by/cardio_med
418,1,Препараты для лечения от алкогольной и никотиновой зависимости,1,https://catalog.onliner.by/alcoholism_med
419,1,Приборы для ухода за кожей,1,https://catalog.onliner.by/skin_care_app
420,1,Приборы для физиотерапии,1,https://catalog.onliner.by/physical_therapy
421,1,Приемники цифрового ТВ,1,https://catalog.onliner.by/terrestrial
422,1,"Принадлежности для барбекю, грилей, мангалов",1,https://catalog.onliner.by/bbq_accessories
423,1,Принтеры на этикетках и чеках,1,https://catalog.onliner.by/thermal
424,1,Присадки для авто,1,https://catalog.onliner.by/additive4fuel
425,1,Приточные и вытяжные вентиляторы,1,https://catalog.onliner.by/exhaustfan
426,1,Проводные телефоны,1,https://catalog.onliner.by/phone
427,1,Проекторы,1,https://catalog.onliner.by/projectors
428,1,Проекционные экраны,1,https://catalog.onliner.by/projectorscreen
429,1,Промышленные фены,1,https://catalog.onliner.by/industrialdryer
430,1,Протеин,1,https://catalog.onliner.by/protein
431,1,Противовирусные и противопростудные препараты,1,https://catalog.onliner.by/antiviral_med
432,1,Противогрибковые препараты,1,https://catalog.onliner.by/tineaunguium_med
433,1,"Пульсометры, пульсоксиметры",1,https://catalog.onliner.by/heart_rate
434,1,Пускозарядные устройства,1,https://catalog.onliner.by/start_charge
435,1,Пуфы,1,https://catalog.onliner.by/puffs
436,1,Пылесосы,1,https://catalog.onliner.by/vacuumcleaner
437,1,Пьедесталы для умывальников,1,https://catalog.onliner.by/pedestal
438,1,Радар-детекторы,1,https://catalog.onliner.by/radar
439,1,Радиаторы отопления,1,https://catalog.onliner.by/radiators
441,1,Радиоприемники,1,https://catalog.onliner.by/radio
442,1,Радиостанции CB,1,https://catalog.onliner.by/car_radio
443,1,Радиотелефоны DECT,1,https://catalog.onliner.by/dect
444,1,Радиоуправляемые авиамодели,1,https://catalog.onliner.by/radiocontrolair
445,1,Радиоуправляемые автомодели,1,https://catalog.onliner.by/radioautomodel
446,1,Радиоуправляемые судомодели,1,https://catalog.onliner.by/radiomodelwater
447,1,Развивающие игрушки,1,https://catalog.onliner.by/edu_toys
448,1,Развивающие коврики,1,https://catalog.onliner.by/playmats
449,1,Разделочные доски,1,https://catalog.onliner.by/cutting_boards
450,1,"Ракетки, мячи и аксессуары для настольного тенниса",1,https://catalog.onliner.by/racktabletennis
451,1,"Растворы для инфузий, местные анестетики",1,https://catalog.onliner.by/anesthesia
452,1,Растворы для линз,1,https://catalog.onliner.by/solutionlenses
453,1,Расходные материалы для 3D-печати,1,https://catalog.onliner.by/3d_filament
454,1,Резаки для бумаги,1,https://catalog.onliner.by/papercutter
455,1,"Роботы, трансформеры, фигурки",1,https://catalog.onliner.by/robots
456,1,"Розетки, выключатели",1,https://catalog.onliner.by/wall_socket
457,1,Роликовые коньки,1,https://catalog.onliner.by/rollerskates
458,1,Рубанки,1,https://catalog.onliner.by/plane
459,1,Ручные миксеры,1,https://catalog.onliner.by/mixer
460,1,Ручные соковыжималки,1,https://catalog.onliner.by/handjuicer
461,1,Рыболовные катушки,1,https://catalog.onliner.by/coil
462,1,Рюкзаки,1,https://catalog.onliner.by/backpack
463,1,Рюкзаки-переноски (кенгуру),1,https://catalog.onliner.by/babycarrier
464,1,Садовая мебель,1,https://catalog.onliner.by/gardenfurniture
465,1,Садовые измельчители,1,https://catalog.onliner.by/gardenshredder
466,1,Садовые качели,1,https://catalog.onliner.by/gardenswing
467,1,Садовый инструмент,1,https://catalog.onliner.by/gardentool
468,1,Самокаты,1,https://catalog.onliner.by/kickscooter
469,1,Санки,1,https://catalog.onliner.by/sled
470,1,Сантехнические ревизионные люки,1,https://catalog.onliner.by/access_panel
471,1,Саундбары и домашние кинотеатры,1,https://catalog.onliner.by/soundbar
472,1,Сборные модели,1,https://catalog.onliner.by/scale_model
473,1,Сварочные аппараты,1,https://catalog.onliner.by/weldinginverter
474,1,Сварочные маски,1,https://catalog.onliner.by/weldingmask
475,1,Светофильтры и конвертеры,1,https://catalog.onliner.by/photofilter
476,1,Сейфы,1,https://catalog.onliner.by/furnituresafes
477,1,"Семена овощей, зелени и ягод",1,https://catalog.onliner.by/vegetableseed
478,1,"Семена трав, газон",1,https://catalog.onliner.by/lawn
479,1,Сетевые проигрыватели,1,https://catalog.onliner.by/network_player
480,1,Сети по электропроводке (Powerline),1,https://catalog.onliner.by/powerline
481,1,Силовые тренажеры,1,https://catalog.onliner.by/strengthtrain
482,1,Синтезаторы и рабочие станции,1,https://catalog.onliner.by/synthandworkst
483,1,"Системы автоматического полива, распылители",1,https://catalog.onliner.by/watering_system
484,1,Сифоны,1,https://catalog.onliner.by/siphon
485,1,Сканеры штрих-кодов,1,https://catalog.onliner.by/barcode
486,1,Скейтборды,1,https://catalog.onliner.by/skateboard
487,1,"Скобозабиватели, гвоздезабиватели, степлеры",1,https://catalog.onliner.by/nailer
488,1,Сковороды,1,https://catalog.onliner.by/pan
489,1,Скороварки,1,https://catalog.onliner.by/pressure_cooker
490,1,Скутеры и мопеды,1,https://catalog.onliner.by/scooter
491,1,"Смазки, пасты и очистители для механических, электрических узлов",1,https://catalog.onliner.by/grease
492,1,Сменные ремешки и браслеты,1,https://catalog.onliner.by/replacementstrap
493,1,Смеси для полов,1,https://catalog.onliner.by/floormix
494,1,Смесители,1,https://catalog.onliner.by/faucet
495,1,Снегоуборщики,1,https://catalog.onliner.by/snowblower
496,1,Соковыжималки,1,https://catalog.onliner.by/juicer
497,1,Спальные мешки,1,https://catalog.onliner.by/sleepingbag
498,1,Спортивная защита,1,https://catalog.onliner.by/sportsprotection
499,1,Спутниковые ресиверы,1,https://catalog.onliner.by/satellite
500,1,"Средства для биотуалетов, выгребных ям",1,https://catalog.onliner.by/wc_liquid
501,1,Средства для окрашивания волос,1,https://catalog.onliner.by/hair_color
502,1,Средства для посудомоечных машин,1,https://catalog.onliner.by/dishwashertablet
503,1,Средства для стирки и ухода за бельем,1,https://catalog.onliner.by/washingpowder
504,1,Средства для укладки волос,1,https://catalog.onliner.by/hair_styling
505,1,Средства по уходу за ногтями,1,https://catalog.onliner.by/nailcare
506,1,Стабилизаторы и сетевые фильтры,1,https://catalog.onliner.by/voltageregulator
507,1,"Стаканы, бокалы, рюмки",1,https://catalog.onliner.by/glassware
508,1,Стеклоомывающие жидкости,1,https://catalog.onliner.by/washerfluid
509,1,Стеновые панели,1,https://catalog.onliner.by/wall_panels
510,1,Степперы,1,https://catalog.onliner.by/stepper
511,1,Стиральные машины,1,https://catalog.onliner.by/washingmachine
512,1,Столовые приборы,1,https://catalog.onliner.by/cutlery
513,1,Строительные и садовые тачки,1,https://catalog.onliner.by/barrow
514,1,Строительные сетки,1,https://catalog.onliner.by/rabitz
515,1,"Строительный, слесарный, монтажный инструмент",1,https://catalog.onliner.by/household_tools
516,1,Студийные мониторы,1,https://catalog.onliner.by/studio_monitor
517,1,Стульчики для кормления,1,https://catalog.onliner.by/highchair
518,1,Стулья для кухни и бара,1,https://catalog.onliner.by/chair
519,1,Сумки для ноутбуков,1,https://catalog.onliner.by/notebookcase
520,1,Сумки и рюкзаки для фото/видео,1,https://catalog.onliner.by/case
521,1,"Сумки, переноски для животных",1,https://catalog.onliner.by/pet_carrier
522,1,Сушилки для белья,1,https://catalog.onliner.by/linendryer
523,1,Сушилки для овощей и фруктов,1,https://catalog.onliner.by/food_dehydrator
524,1,"Сушилки для рук, волос",1,https://catalog.onliner.by/handsdryer
525,1,Счетчики банкнот и монет,1,https://catalog.onliner.by/counters
526,1,Счетчики воды,1,https://catalog.onliner.by/water_meter
527,1,Счетчики газа,1,https://catalog.onliner.by/gas_meter
528,1,Счетчики электроэнергии,1,https://catalog.onliner.by/electro_meter
529,1,Сэндвичницы,1,https://catalog.onliner.by/sandwichers
530,1,"Тарелки, салатники, блюда и наборы",1,https://catalog.onliner.by/dishset
531,1,ТВ-антенны,1,https://catalog.onliner.by/aerial
532,1,Телевизоры,1,https://catalog.onliner.by/tv
533,1,Телескопы,1,https://catalog.onliner.by/telescope
534,1,Теннисные столы,1,https://catalog.onliner.by/tabletennis
535,1,Теплицы и парники,1,https://catalog.onliner.by/greenhouse
536,1,Тепловые завесы,1,https://catalog.onliner.by/aircurtain
537,1,Тепловые пушки,1,https://catalog.onliner.by/heat_gun
538,1,Теплоизоляция,1,https://catalog.onliner.by/therminsulation
539,1,Теплые полы,1,https://catalog.onliner.by/heatedfloor
540,1,"Терки, измельчители, овощерезки",1,https://catalog.onliner.by/grater
541,1,Термоклеевые пистолеты,1,https://catalog.onliner.by/hotgluegun
542,1,Термометры,1,https://catalog.onliner.by/medthermometer
543,1,Терморегуляторы,1,https://catalog.onliner.by/thermostat
544,1,"Термосы, термокружки",1,https://catalog.onliner.by/thermosbottle
545,1,Тонометры,1,https://catalog.onliner.by/tonometers
546,1,Торговые холодильники,0,https://catalog.onliner.by/commfrige
547,1,Тормозные жидкости,1,https://catalog.onliner.by/brakefluid
548,1,Тостеры,1,https://catalog.onliner.by/toaster
549,1,Трансмиссионные масла,1,https://catalog.onliner.by/gearoil
550,1,Триммеры,1,https://catalog.onliner.by/trimmers
551,1,Тротуарная плитка,1,https://catalog.onliner.by/pavers
552,1,Трубный металлопрокат,1,https://catalog.onliner.by/metal_pipes
553,1,"Трубы, фитинг",1,https://catalog.onliner.by/tube_fitting
554,1,Туалетные столики,1,https://catalog.onliner.by/dressing_table
555,1,Тумбы для обуви,1,https://catalog.onliner.by/shoe_cabinets
556,1,Тумбы под телевизор,1,https://catalog.onliner.by/tv_stands
557,1,Туристические горелки и плиты,1,https://catalog.onliner.by/gascylinder
558,1,Туристические коврики,1,https://catalog.onliner.by/travel_mat
559,1,Туристические навигаторы,1,https://catalog.onliner.by/travelgps
560,1,Туристические ножи,1,https://catalog.onliner.by/foldingknives
561,1,Увлажнители воздуха,1,https://catalog.onliner.by/humidifier
562,1,Угловые шлифмашины (болгарки),1,https://catalog.onliner.by/angle_grinder
563,1,Удобрения,1,https://catalog.onliner.by/fertilizer
564,1,"Удочки, спиннинги",1,https://catalog.onliner.by/rod
565,1,Укрывной материал,1,https://catalog.onliner.by/coveringmaterial
566,1,Умный дом,1,https://catalog.onliner.by/smart_home
567,1,Умывальники,1,https://catalog.onliner.by/washbasin
568,1,Универсальные пульты ДУ,1,https://catalog.onliner.by/remote
569,1,Унитазы,1,https://catalog.onliner.by/wcpan
570,1,Уничтожители бумаг (шредеры),1,https://catalog.onliner.by/shredder
571,1,Уничтожители насекомых,1,https://catalog.onliner.by/insect_killer
572,1,Усилители,1,https://catalog.onliner.by/caramps
573,1,Устройства для приготовления детского питания,1,https://catalog.onliner.by/babyfoodmaker
574,1,Утюги,1,https://catalog.onliner.by/iron
575,1,"Утятницы, тажины",1,https://catalog.onliner.by/stewingdish
576,1,Уход за волосами,1,https://catalog.onliner.by/haircare
577,1,Уход за лицом,1,https://catalog.onliner.by/facial_cosmetics
578,1,Уход за телом,1,https://catalog.onliner.by/body_care
579,1,Факсы,1,https://catalog.onliner.by/fax
580,1,Фены,1,https://catalog.onliner.by/hairdryer
581,1,Фиджет спиннеры,1,https://catalog.onliner.by/fidget_spinner
582,1,Фильтры и системы очистки воды,1,https://catalog.onliner.by/waterfilter
583,1,Фонари,1,https://catalog.onliner.by/lights
584,1,Фонокорректоры,1,https://catalog.onliner.by/phonopreamps
585,1,"Формы для выпечки, противни",1,https://catalog.onliner.by/breadpan
586,1,Фотоаппараты,1,https://catalog.onliner.by/photo
587,1,Фотоловушки,1,https://catalog.onliner.by/camera_traps
588,1,Фрезеры,1,https://catalog.onliner.by/woodrouter
589,1,Фритюрницы,1,https://catalog.onliner.by/fryer
590,1,Хлебопечки,1,https://catalog.onliner.by/breadmaker
591,1,"Ходунки, прыгунки",1,https://catalog.onliner.by/babywalker
592,1,Хоккейные клюшки,1,https://catalog.onliner.by/hockeystick
593,1,Холодильники,0,https://catalog.onliner.by/refrigerator
594,1,Хондропротекторы,1,https://catalog.onliner.by/chondroprotect
595,1,"Цветы, букеты",1,https://catalog.onliner.by/flowersbouquets
596,1,Цемент,1,https://catalog.onliner.by/caementum
597,1,Цепные пилы,1,https://catalog.onliner.by/chainsaw
598,1,Цифровые фоторамки,1,https://catalog.onliner.by/photoframe
599,1,Чайники,1,https://catalog.onliner.by/kettles
600,1,Чемоданы и дорожные сумки,1,https://catalog.onliner.by/suitcase
601,1,Чехлы для планшетов,1,https://catalog.onliner.by/tabletcase
602,1,Чехлы для телефонов,1,https://catalog.onliner.by/phonecase
603,1,"Чугунки, горшочки",1,https://catalog.onliner.by/pots
604,1,"Шатры, тенты",1,https://catalog.onliner.by/canopy_tents
605,1,"Шахматы, шашки, нарды",1,https://catalog.onliner.by/chess
606,1,Швейные машины,1,https://catalog.onliner.by/sewingmachines
607,1,Шезлонги,1,https://catalog.onliner.by/lounger
608,1,Шлифмашины,1,https://catalog.onliner.by/grinder
609,1,Шпатлевка,1,https://catalog.onliner.by/putty
610,1,Штативы,1,https://catalog.onliner.by/tripod
611,1,Штроборезы,1,https://catalog.onliner.by/wallchaser
612,1,Штукатурка,1,https://catalog.onliner.by/plaster
613,1,Экраны под ванну,1,https://catalog.onliner.by/bath_panels
614,1,Экшен-камеры,1,https://catalog.onliner.by/actioncamera
615,1,Электрические гирлянды,1,https://catalog.onliner.by/xmaslights
616,1,Электрические зарядные станции,1,https://catalog.onliner.by/charging_station
617,1,Электрические краскораспылители,1,https://catalog.onliner.by/electricspraygun
618,1,Электрические ножницы по металлу,1,https://catalog.onliner.by/metal_cutter
619,1,Электрические сушилки для обуви,1,https://catalog.onliner.by/shoes_dryer
620,1,Электро- и бензорезы,1,https://catalog.onliner.by/powercutter
621,1,Электровелосипеды,1,https://catalog.onliner.by/electrobike
622,1,Электровеники,1,https://catalog.onliner.by/sweeper
623,1,"Электрогрелки, электроодеяла, электропростыни",1,https://catalog.onliner.by/mobile_heater
624,1,Электрогрили,1,https://catalog.onliner.by/electricgrill
625,1,Электродрели и строительные миксеры,1,https://catalog.onliner.by/drills
626,1,Электрокамины и биокамины,1,https://catalog.onliner.by/electrofireplace
627,1,Электромобили,1,https://catalog.onliner.by/electricrideon
628,1,Электронные и радиочасы,1,https://catalog.onliner.by/clockradio
629,1,Электронные книги,1,https://catalog.onliner.by/ebook
630,1,Электронные крышки-биде,1,https://catalog.onliner.by/toilet_shower
631,1,Электронные парогенераторы,1,https://catalog.onliner.by/smoke
632,1,Электросамокаты и электроскутеры,1,https://catalog.onliner.by/electric_scooter
633,1,Электрочайники и термопоты,1,https://catalog.onliner.by/kettle
634,1,Электрошашлычницы,1,https://catalog.onliner.by/electrobarbecue
635,1,"Электрошвабры, паровые швабры и полотеры",1,https://catalog.onliner.by/electric_mop
636,1,Эллиптические тренажеры,1,https://catalog.onliner.by/ellipsoids
637,1,Эхолоты,1,https://catalog.onliner.by/sounder
638,1,Яйцеварки,1,https://catalog.onliner.by/eggmaker
639,1,"Ящики, корзины, органайзеры",1,https://catalog.onliner.by/toystorage
640,1,"Кабели, адаптеры, разветвители",1,https://catalog.onliner.by/cable
642,1,Зарядные устройства,1,https://catalog.onliner.by/chargersmobile
643,1,AV-ресиверы и усилители,1,https://catalog.onliner.by/recievers
644,1,"Музыкальные центры, колонки для вечеринок",1,https://catalog.onliner.by/hifiaudio
645,1,Плееры,1,https://catalog.onliner.by/player
646,1,Видеонаблюдение,1,https://catalog.onliner.by/dvr
647,1,Пароочистители и отпариватели,1,https://catalog.onliner.by/steamcleaner
648,1,Беспроводные адаптеры,1,https://catalog.onliner.by/wirelessadapter
649,1,Беспроводные точки доступа и усилители Wi-Fi,1,https://catalog.onliner.by/wirelessap
650,1,"Шуруповерты, гайковерты, электроотвертки",1,https://catalog.onliner.by/screwdriver
651,1,Электропилы,1,https://catalog.onliner.by/electric_saw
652,1,Подарочные наборы,1,https://catalog.onliner.by/giftbox
